<?xml version="1.0" encoding="UTF-8"?>
<configuration debug="false">
    <contextListener class="ch.qos.logback.classic.jul.LevelChangePropagator"/>

    <appender name="CONSOLE" class="ch.qos.logback.core.ConsoleAppender">
        <encoder class="ch.qos.logback.core.encoder.LayoutWrappingEncoder">
            <layout class="org.jfrog.common.logging.logback.layout.BackTracePatternLayout">
                <pattern>%date ${jfrog.access.contextId}[%thread] [JFrog-Access] [%-5p] \(%-20c{3}:%L\) - %m%n</pattern>
            </layout>
        </encoder>
    </appender>
    <appender name="FILE" class="ch.qos.logback.core.rolling.RollingFileAppender">
        <File>${jfrog.access.home}/logs/access.log</File>
        <rollingPolicy class="ch.qos.logback.core.rolling.FixedWindowRollingPolicy">
            <FileNamePattern>${jfrog.access.home}/logs/access.%i.log</FileNamePattern>
            <MinIndex>1</MinIndex>
            <MaxIndex>9</MaxIndex>
        </rollingPolicy>
        <triggeringPolicy class="ch.qos.logback.core.rolling.SizeBasedTriggeringPolicy">
            <MaxFileSize>25MB</MaxFileSize>
        </triggeringPolicy>
        <encoder class="ch.qos.logback.core.encoder.LayoutWrappingEncoder">
            <layout class="org.jfrog.common.logging.logback.layout.BackTracePatternLayout">
                <pattern>%date [%thread] [%-5p] \(%-20c{3}:%L\) - %m%n</pattern>
            </layout>
        </encoder>
    </appender>
    <appender name="AUDIT" class="ch.qos.logback.core.rolling.RollingFileAppender">
        <File>${jfrog.access.home}/logs/audit.log</File>
        <encoder class="ch.qos.logback.core.encoder.LayoutWrappingEncoder">
            <layout class="org.jfrog.common.logging.logback.layout.BackTracePatternLayout">
                <pattern>%date %message%n</pattern>
            </layout>
        </encoder>
        <rollingPolicy class="ch.qos.logback.core.rolling.FixedWindowRollingPolicy">
            <FileNamePattern>${jfrog.access.home}/logs/audit.%i.log</FileNamePattern>
            <maxIndex>13</maxIndex>
        </rollingPolicy>
        <triggeringPolicy class="ch.qos.logback.core.rolling.SizeBasedTriggeringPolicy">
            <MaxFileSize>25MB</MaxFileSize>
        </triggeringPolicy>
    </appender>
    <appender name="REQUEST" class="ch.qos.logback.core.rolling.RollingFileAppender">
        <File>${jfrog.access.home}/logs/request.log</File>
        <encoder>
            <pattern>
                %date{yyyy-MM-dd'T'HH:mm:ss.SSSZ}|%X{req.remoteAddress}|%X{req.username}|%X{req.method}|%X{req.uri}|%X{req.status}|%X{req.contentLength}|%X{req.duration}|%X{req.userAgent}%n
            </pattern>
        </encoder>
        <rollingPolicy class="ch.qos.logback.core.rolling.FixedWindowRollingPolicy">
            <FileNamePattern>${jfrog.access.home}/logs/request.%i.log</FileNamePattern>
            <maxIndex>13</maxIndex>
        </rollingPolicy>
        <triggeringPolicy class="ch.qos.logback.core.rolling.SizeBasedTriggeringPolicy">
            <MaxFileSize>25MB</MaxFileSize>
        </triggeringPolicy>
    </appender>
    <appender name="SECURITY.AUDIT" class="ch.qos.logback.core.rolling.RollingFileAppender">
        <File>${jfrog.access.home}/logs/security.audit.log</File>
        <encoder>
            <pattern>
                %date{yyyy-MM-dd'T'HH:mm:ss.SSSZ}|%X{audit.performingUserIp}|%X{audit.performingUser}|%X{audit.loggedinPrincipal}|%X{audit.entityName}|%X{audit.securityEventType}|%X{audit.securityEvent}|%X{audit.dataChanged}%n
            </pattern>
        </encoder>
        <rollingPolicy class="ch.qos.logback.core.rolling.FixedWindowRollingPolicy">
            <FileNamePattern>${jfrog.access.home}/logs/security.audit.%i.log.gz</FileNamePattern>
            <maxIndex>10</maxIndex>
        </rollingPolicy>
        <triggeringPolicy class="ch.qos.logback.core.rolling.SizeBasedTriggeringPolicy">
            <MaxFileSize>100MB</MaxFileSize>
        </triggeringPolicy>
    </appender>

    <root>
        <level value="warn"/>
        <appender-ref ref="CONSOLE"/>
        <appender-ref ref="FILE"/>
    </root>
    <logger name="org.jfrog">
        <level value="info"/>
    </logger>
    <logger name="org.jfrog.access.server.audit.RequestLogger" additivity="false">
        <level value="info"/>
        <appender-ref ref="REQUEST"/>
    </logger>
    <logger name="org.jfrog.access.server.audit.TokenAuditor" additivity="false">
        <level value="info"/>
        <appender-ref ref="AUDIT"/>
    </logger>
    <logger name="org.jfrog.access.server.audit.security.AuditLogger" additivity="false">
        <level value="info"/>
        <appender-ref ref="SECURITY.AUDIT"/>
    </logger>

    <!-- third party loggers -->
    <logger name="org.glassfish.jersey">
        <level value="warn"/>
    </logger>
    <logger name="org.springframework">
        <level value="warn"/>
    </logger>
</configuration>